IMx,mustache
IMx,mustache
IMx,mustache
Shai,mustache
Shai,goatee
LFO,five o'clock shadow
LFO,five o'clock shadow
Shai,mustache
All-4-One,mustache
Color Me Badd,mustache
Color Me Badd,"mustache, five o'clock shadow"
Color Me Badd,five o'clock shadow
One Direction,five o'clock shadow
No Mercy,goatee
Take That,goatee
Take That,goatee
Aventura,five o'clock shadow
Aventura,goatee
Aventura,goatee
NSYNC,goatee
NSYNC,"mustache, goatee"
O-Town,sideburns
O-Town,sideburns
O-Town,goatee
O-Town,sideburns
O-Town,sideburns
Jodeci,mustache
Jodeci,mustache
Jonas Brothers,sideburns
Boyz II Men,mustache
Boyz II Men,five o'clock shadow
Boyz II Men,five o'clock shadow
Bell Biv DeVoe,"mustache, goatee"
98 Degrees,five o'clock shadow
98 Degrees,five o'clock shadow
98 Degrees,goatee
Jagged Edge,mustache
Jagged Edge,mustache
Jagged Edge,mustache
Jagged Edge,mustache
B2K,mustache
B2K,mustache
B2K,mustache
B2K,mustache
Day26,five o'clock shadow
Day26,"mustache, five o'clock shadow"
Day26,goatee
Day26,"mustache, soul patch"
5ive,"mustache, goatee"
Youngstown,goatee
New Edition,mustache
New Edition,mustache
New Edition,"mustache, goatee"
New Edition,"mustache, goatee"
New Edition,"mustache, goatee"
All-4-One,mustache
Shai,mustache
Backstreet Boys,"mustache, goatee"
Backstreet Boys,"mustache, goatee"
soulDecision,goatee
112,mustache
Soul for Real,mustache
112,mustache
112,mustache
112,mustache
Az Yet,goatee
Az Yet,beard
Az Yet,goatee
Playa,mustache
Playa,"beard, mustache"
Blackstreet,mustache
Blackstreet,"mustache, goatee"
Blackstreet,"mustache, goatee"
Nine Days,"mustache, goatee"
Troop,goatee
The Wanted,five o'clock shadow